strain,inducer_mM,n,mean_norm_fluorescence,sd_norm_fluorescence,mean_od600,baseline_norm_fluorescence,fold_induction
Amplifier,0.0,2,355.16552511415523,1.4125991633292534,0.725,355.16552511415523,1.0
Amplifier,1.0,2,1928.911305671869,90.57534521099109,0.725,355.16552511415523,5.43102066297648
Sensor,0.0,2,283.030303030303,14.570685188086426,0.76,283.030303030303,1.0
Sensor,1.0,2,1234.4804318488527,77.77220332888484,0.77,283.030303030303,4.361654630729352
WT,0.0,2,182.16463414634148,7.545346750466189,0.81,182.16463414634148,1.0
WT,1.0,2,188.13095796218158,0.6740664737049604,0.8,182.16463414634148,1.032752371742185
